EPC,Stock Code
E2 80 11 70 00 00 02 0A 7A 6B 6A E1,BR207 001
E2 80 11 70 00 00 02 0A 7A 6A 9A 21,BR207 002
E2 80 11 70 00 00 02 0A 7A 6A 9A C0,BR207 003
E2 80 11 70 00 00 02 0A 7A 6A 44 50,BR207 004
E2 80 11 70 00 00 02 0A 7A 6A AC 60,BR207 005
E2 80 11 70 00 00 02 0A 7A 6A 3A D1,BR207 006
E2 80 11 70 00 00 02 0A 7A 6B 63 9F,BR207 007
E2 80 11 70 00 00 02 0A 7A 6B 03 9F,BR207 008
E2 80 11 70 00 00 02 0A 7A 69 EC 40,BR207 009
E2 80 11 70 00 00 02 0A 7A 6B 49 EF,BR207 010
E2 80 11 70 00 00 02 0A 7A 6B 6A 32,BR207 011
E2 80 11 70 00 00 02 0A 7A 6B 02 20,BR207 012
E2 80 11 70 00 00 02 0A 7A 6A 9A C1,BR207 013
E2 80 11 70 00 00 02 0A 7A 6B 48 F1,BR207 014
E2 80 11 70 00 00 02 0A 7A 6A 3A E1,BR207 015
E2 80 11 70 00 00 02 0A 7A 6B 14 A0,BR207 016
E2 80 11 70 00 00 02 0A 7A 6A 18 10,BR207 017
E2 80 11 70 00 00 02 0A 7A 6B A8 41,BR207 018
E2 80 11 70 00 00 02 0A 7A 6B 48 82,BR207 019
E2 80 11 70 00 00 02 0A 7A 6B 7C 00,BR207 020
E2 80 11 70 00 00 02 0A 7A 6B 48 90,BR207 021
E2 80 11 70 00 00 02 0A 7A 6B 6A E2,BR207 022
E2 80 11 70 00 00 02 0A 7A 6A 44 81,BR207 023
E2 80 11 70 00 00 02 0A 7A 6B 48 80,BR207 024
E2 80 11 70 00 00 02 0A 7A 6B A8 80,BR207 025
E2 80 11 70 00 00 02 0A 7A 6A 3A 01,BR207 026
E2 80 11 70 00 00 02 0A 7A 6A E0 61,BR207 027
E2 80 11 70 00 00 02 0A 7A 6A E0 70,BR207 028
E2 80 11 70 00 00 02 0A 7A 69 EC A1,BR207 029
E2 80 11 70 00 00 02 0A 7A 6A E0 60,BR207 030
E2 80 11 70 00 00 02 0A 7A 6B 6A 42,BR207 031
E2 80 11 70 00 00 02 0A 7A 6B 02 B1,BR207 032
E2 80 11 70 00 00 02 0A 7A 6B 03 76,BR207 033
E2 80 11 70 00 00 02 0A 7A 69 EC 91,BR207 034
E2 80 11 70 00 00 02 0A 7A 6B A8 82,BR207 035
E2 80 11 70 00 00 02 0A 7A 6B A8 90,BR207 036
E2 80 11 70 00 00 02 0A 7A 6A E0 51,BR207 037
E2 80 11 70 00 00 02 0A 7A 6B 63 8F,BR207 038
E2 80 11 70 00 00 02 0A 7A 6A 78 10,BR207 039
E2 80 11 70 00 00 02 0A 7A 6B 14 B0,BR207 040
E2 80 11 70 00 00 02 0A 7A 6A 3A A0,BR207 041
E2 80 11 70 00 00 02 0A 7A 6B 02 01,BR207 042
E2 80 11 70 00 00 02 0A 7A 6B 02 D0,BR207 043
E2 80 11 70 00 00 02 0A 7A 6B 1D EF,BR207 044
E2 80 11 70 00 00 02 0A 7A 6B 7C C2,BR207 045
E2 80 11 70 00 00 02 0A 7A 6A 9A 11,BR207 046
E2 80 11 70 00 00 02 0A 7A 6B 48 41,BR207 047
E2 80 11 70 00 00 02 0A 7A 6A 9A B1,BR207 048
E2 80 11 70 00 00 02 0A 7A 6B A8 92,BR207 049
E2 80 11 70 00 00 02 0A 7A 6B 14 02,BR207 050
E2 80 11 70 00 00 02 0A 7A 6A E0 F1,BR208 001
E2 80 11 70 00 00 02 0A 7A 6A 18 B0,BR208 002
E2 80 11 70 00 00 02 0A 7A 6B 14 A1,BR208 003
E2 80 11 70 00 00 02 0A 7A 6B 7D 4F,BR208 004
E2 80 11 70 00 00 02 0A 7A 6B 02 F2,BR208 005
E2 80 11 70 00 00 02 0A 7A 6A E1 AF,BR208 006
E2 80 11 70 00 00 02 0A 7A 6B 14 A2,BR208 007
E2 80 11 70 00 00 02 0A 7A 6A 18 31,BR208 008
E2 80 11 70 00 00 02 0A 7A 6B 48 72,BR208 009
E2 80 11 70 00 00 02 0A 7A 6A E0 62,BR208 010
E2 80 11 70 00 00 02 0A 7A 6B 02 C0,BR208 011
E2 80 11 70 00 00 02 0A 7A 6B 02 30,BR208 012
E2 80 11 70 00 00 02 0A 7A 6B 7D 5F,BR208 013
E2 80 11 70 00 00 02 0A 7A 6A 44 71,BR208 014
E2 80 11 70 00 00 02 0A 7A 6A 3A 90,BR208 015
E2 80 11 70 00 00 02 0A 7A 6A 44 60,BR208 016
E2 80 11 70 00 00 02 0A 7A 6A 18 20,BR208 017
E2 80 11 70 00 00 02 0A 7A 6A AC 81,BR208 018
E2 80 11 70 00 00 02 0A 7A 6A 18 C0,BR208 019
E2 80 11 70 00 00 02 0A 7A 6A AC 70,BR208 020
E2 80 11 70 00 00 02 0A 7A 6A 78 20,BR208 021
E2 80 11 70 00 00 02 0A 7A 6B D4 22,BR208 022
E2 80 11 70 00 00 02 0A 7A 6B 6A 20,BR208 023
E2 80 11 70 00 00 02 0A 7A 6B 48 31,BR208 024
E2 80 11 70 00 00 02 0A 7A 6A 78 F0,BR208 025
E2 80 11 70 00 00 02 0A 7A 69 EC 30,BR208 026
E2 80 11 70 00 00 02 0A 7A 6B 7C 81,BR208 027
E2 80 11 70 00 00 02 0A 7A 6B 6A D2,BR208 028
E2 80 11 70 00 00 02 0A 7A 6B 7C C0,BR208 029
E2 80 11 70 00 00 02 0A 7A 6A AC 71,BR208 030
E2 80 11 70 00 00 02 0A 7A 6A 18 41,BR208 031
E2 80 11 70 00 00 02 0A 7A 6B 7C D2,BR208 032
E2 80 11 70 00 00 02 0A 7A 6B 6A 30,BR208 033
E2 80 11 70 00 00 02 0A 7A 6A 18 F1,BR208 034
E2 80 11 70 00 00 02 0A 7A 6A 78 31,BR208 035
E2 80 11 70 00 00 02 0A 7A 6A 78 41,BR208 036
E2 80 11 70 00 00 02 0A 7A 6B D4 32,BR208 037
E2 80 11 70 00 00 02 0A 7A 6B 6A 01,BR208 038
E2 80 11 70 00 00 02 0A 7A 6A AC C2,BR208 039
E2 80 11 70 00 00 02 0A 7A 6B 49 16,BR208 040
E2 80 11 70 00 00 02 0A 7A 6B 49 FF,BR208 041
E2 80 11 70 00 00 02 0A 7A 6B 02 C1,BR208 042
E2 80 11 70 00 00 02 0A 7A 6B 7C D0,BR208 043
E2 80 11 70 00 00 02 0A 7A 6A 9A D0,BR208 044
E2 80 11 70 00 00 02 0A 7A 6B 14 91,BR208 045
E2 80 11 70 00 00 02 0A 7A 6B 14 92,BR208 046
E2 80 11 70 00 00 02 0A 7A 6A 9A 00,BR208 047
E2 80 11 70 00 00 02 0A 7A 6B 7C 71,BR208 048
E2 80 11 70 00 00 02 0A 7A 6B 49 1F,BR208 049
E2 80 11 70 00 00 02 0A 7A 6B 7C 10,BR208 050
41303839343030303032485D,BR209 001
4130383934303030303718FD,BR209 002
41303839343030303037E0BA,BR209 003
4130383934303030303848FB,BR209 004
41303839343030303131449D,BR209 005
413038393430303031319ACD,BR209 006
41303839343030303131AC6D,BR209 007
41303839343030303134782D,BR209 008
413038393430303031387C0E,BR209 009
4130383934303030323202AD,BR209 010
41303839343030303236D46D,BR209 011
41303839343030303331146D,BR209 012
41303839343030303335443A,BR209 013
4130383934303030333702AB,BR209 014
41303839343030303431AC5A,BR209 015
41303839343030303432ECEF,BR209 016
413038393430303035316AAA,BR209 017
41303839343030303532442F,BR209 018
4130383934303030353878EC,BR209 019
41303839343030303631ECDF,BR209 020
413038393430303036333A9C,BR209 021
41303839343030303637A82D,BR209 022
413038393430303037309A4E,BR209 023
4130383934303030373148B9,BR209 024
41303839343030303732022E,BR209 025
41303839343030303733485E,BR209 026
413038393430303037346ABA,BR209 027
41303839343030303734788E,BR209 028
41303839343030303734D46A,BR209 029
4130383934303030373718C9,BR209 030
4130383934303030383148DA,BR209 031
41303839343030303832E01A,BR209 032
41303839343030303833AC08,BR209 033
4130383934303030383744AE,BR209 034
413038393430303038399A99,BR209 035
4130383934303030393014CE,BR209 036
413038393430303039317C8D,BR209 037
413038393430303039323A89,BR209 038
41 30 38 39 34 30 30 30 39 32 48 28,BR209 039
41303839343030303933E0B8,BR209 040
E28011700000020A7A6A33E4,BR209 041
E28011700000020A7A6A4DC4,BR209 042
E28011700000020A7A6A9B24,BR209 043
E28011700000020A7A6AB5C4,BR209 044
E28011700000020A7A6AE1E3,BR209 045
E28011700000020A7A6B0386,BR209 046
E28011700000020A7A6B1DA4,BR209 047
E28011700000020A7A6B4933,BR209 048
E28011700000020A7A6B7D63,BR209 049
E28011700000020A7A6B7DD4,BR209 050
E28011700000020A7A6A112A,BR210 001
E28011700000020A7A6A113A,BR210 002
E28011700000020A7A6A11EA,BR210 003
E28011700000020A7A6A11FA,BR210 004
E28011700000020A7A6A332B,BR210 005
E28011700000020A7A6A33CB,BR210 006
E28011700000020A7A6A4D9B,BR210 007
E28011700000020A7A6A794A,BR210 008
E28011700000020A7A6A795A,BR210 009
E28011700000020A7A6A797B,BR210 010
E28011700000020A7A6A79EA,BR210 011
E28011700000020A7A6A79FA,BR210 012
E28011700000020A7A6A9B1B,BR210 013
E28011700000020A7A6A9BDA,BR210 014
E28011700000020A7A6A9BEA,BR210 015
E28011700000020A7A6AB5AA,BR210 016
E28011700000020A7A6AB5CB,BR210 017
E28011700000020A7A6AB5DC,BR210 018
E28011700000020A7A6AE17B,BR210 019
E28011700000020A7A6AE18B,BR210 020
E28011700000020A7A6AE18C,BR210 021
E28011700000020A7A6B035B,BR210 022
E28011700000020A7A6B035C,BR210 023
E28011700000020A7A6B036C,BR210 024
E28011700000020A7A6B0389,BR210 025
E28011700000020A7A6B03EA,BR210 026
E28011700000020A7A6B1D2B,BR210 027
E28011700000020A7A6B1D2C,BR210 028
E28011700000020A7A6B1D3B,BR210 029
E28011700000020A7A6B1D9A,BR210 030
E28011700000020A7A6B1DBC,BR210 031
E28011700000020A7A6B1DCB,BR210 032
E28011700000020A7A6B4919,BR210 033
E28011700000020A7A6B497A,BR210 034
E28011700000020A7A6B49AC,BR210 035
E28011700000020A7A6B49BC,BR210 036
E28011700000020A7A6B49D9,BR210 037
E28011700000020A7A6B636C,BR210 038
E28011700000020A7A6B637B,BR210 039
E28011700000020A7A6B637C,BR210 040
E28011700000020A7A6B63B9,BR210 041
E28011700000020A7A6B63C9,BR210 042
E28011700000020A7A6B63DA,BR210 043
E28011700000020A7A6B7D0B,BR210 044
E28011700000020A7A6B7D0C,BR210 045
E28011700000020A7A6B7D1C,BR210 046
E28011700000020A7A6B7D59,BR210 047
E28011700000020A7A6B7DCA,BR210 048
E28011700000020A7A6B7DEB,BR210 049
E28011700000020A7A6B7DEC,BR210 050
E2 80 11 70 00 00 02 0A 7A 6A 33 AE,BR205 001
E2 80 11 70 00 00 02 0A 7A 69 ED DD,BR205 002
E2 80 11 70 00 00 02 0A 7A 69 ED 9C,BR205 003
E2 80 11 70 00 00 02 0A 7A 6A 11 6F,BR205 004
E2 80 11 70 00 00 02 0A 7A 6A 4D 3D,BR205 005
E2 80 11 70 00 00 02 0A 7A 6B 63 0D,BR205 006
E2 80 11 70 00 00 02 0A 7A 6A 33 9E,BR205 007
E2 80 11 70 00 00 02 0A 7A 6A 33 DC,BR205 008
E2 80 11 70 00 00 02 0A 7A 6B 1D 3F,BR205 009
E2 80 11 70 00 00 02 0A 7A 6A 33 CF,BR205 010
E2 80 11 70 00 00 02 0A 7A 6B 63 2E,BR205 011
E2 80 11 70 00 00 02 0A 7A 6B 03 8F,BR205 012
E2 80 11 70 00 00 02 0A 7A 6A E1 EE,BR205 013
E2 80 11 70 00 00 02 0A 7A 6A 79 FE,BR205 014
E2 80 11 70 00 00 02 0A 7A 6A 79 7F,BR205 015
E2 80 11 70 00 00 02 0A 7A 6A 9B 8D,BR205 016
E2 80 11 70 00 00 02 0A 7A 6B 63 EE,BR205 017
E2 80 11 70 00 00 02 0A 7A 6A E1 1D,BR205 018
E2 80 11 70 00 00 02 0A 7A 6A B5 7E,BR205 019
E2 80 11 70 00 00 02 0A 7A 6B 7D 6D,BR205 020
E2 80 11 70 00 00 02 0A 7A 6A B5 CF,BR205 021
E2 80 11 70 00 00 02 0A 7A 6B 1D 9E,BR205 022
E2 80 11 70 00 00 02 0A 7A 6A 11 7F,BR205 023
E2 80 11 70 00 00 02 0A 7A 69 ED 1D,BR205 024
E2 80 11 70 00 00 02 0A 7A 6B 1D 8E,BR205 025
E2 80 11 70 00 00 02 0A 7A 6A B5 BF,BR205 026
E2 80 11 70 00 00 02 0A 7A 6A E1 DD,BR205 027
E2 80 11 70 00 00 02 0A 7A 6B 1D 16,BR205 028
E2 80 11 70 00 00 02 0A 7A 6A 9B 2F,BR205 029
E2 80 11 70 00 00 02 0A 7A 6A 9B 3F,BR205 030
E2 80 11 70 00 00 02 0A 7A 6A E1 9F,BR205 031
E2 80 11 70 00 00 02 0A 7A 6B 49 4E,BR205 032
E2 80 11 70 00 00 02 0A 7A 6A 4D 5E,BR205 033
E2 80 11 70 00 00 02 0A 7A 6B 03 CE,BR205 034
E2 80 11 70 00 00 02 0A 7A 6A 11 DE,BR205 035
E2 80 11 70 00 00 02 0A 7A 6B 1D 5D,BR205 036
E2 80 11 70 00 00 02 0A 7A 6A 33 DF,BR205 037
E2 80 11 70 00 00 02 0A 7A 6A 4D BC,BR205 038
E2 80 11 70 00 00 02 0A 7A 6B 49 2D,BR205 039
E2 80 11 70 00 00 02 0A 7A 6A 9B 7D,BR205 040
E2 80 11 70 00 00 02 0A 7A 6A 11 EE,BR205 041
E2 80 11 70 00 00 02 0A 7A 6A B5 1F,BR205 042
E2 80 11 70 00 00 02 0A 7A 6A 79 3E,BR205 043
E2 80 11 70 00 00 02 0A 7A 6A 11 8C,BR205 044
E2 80 11 70 00 00 02 0A 7A 6A E1 FE,BR205 045
E2 80 11 70 00 00 02 0A 7A 69 ED EE,BR205 046
E2 80 11 70 00 00 02 0A 7A 69 ED 5E,BR205 047
E2 80 11 70 00 00 02 0A 7A 6B 7D 8E,BR205 048
E2 80 11 70 00 00 02 0A 7A 6B 49 FD,BR205 049
E2 80 11 70 00 00 02 0A 7A 6A 33 0F,BR205 050
E2 80 11 70 00 00 02 0A 7A 6B 03 AD,BR205 051
E2 80 11 70 00 00 02 0A 7A 6A 4D AF,BR205 052
E2 80 11 70 00 00 02 0A 7A 6A 79 BD,BR205 053
E2 80 11 70 00 00 02 0A 7A 6A 33 5D,BR205 054
E2 80 11 70 00 00 02 0A 7A 6B 63 AD,BR205 055
E2 80 11 70 00 00 02 0A 7A 6A 11 0E,BR205 056
E2 80 11 70 00 00 02 0A 7A 6A B5 6D,BR205 057
E2 80 11 70 00 00 02 0A 7A 6A B5 8E,BR205 058
E2 80 11 70 00 00 02 0A 7A 6A 33 EC,BR205 059
E2 80 11 70 00 00 02 0A 7A 6B 7D 9E,BR205 060
E2 80 11 70 00 00 02 0A 7A 6A 79 6F,BR205 061
E2 80 11 70 00 00 02 0A 7A 6B 1D 4D,BR205 062
E2 80 11 70 00 00 02 0A 7A 6B 49 3E,BR205 063
E2 80 11 70 00 00 02 0A 7A 6A B5 0F,BR205 064
E2 80 11 70 00 00 02 0A 7A 6B 7D 7D,BR205 065
E2 80 11 70 00 00 02 0A 7A 6B 49 1D,BR205 066
E2 80 11 70 00 00 02 0A 7A 69 ED 4E,BR205 067
E2 80 11 70 00 00 02 0A 7A 6B 63 1E,BR205 068
E2 80 11 70 00 00 02 0A 7A 69 ED 6F,BR205 069
E2 80 11 70 00 00 02 0A 7A 6B 1D 2F,BR205 070
E2 80 11 70 00 00 02 0A 7A 6A 4D 2D,BR205 071
E2 80 11 70 00 00 02 0A 7A 6A 79 2D,BR205 072
E2 80 11 70 00 00 02 0A 7A 6A 9B 0E,BR205 073
E2 80 11 70 00 00 02 0A 7A 6A 9B AE,BR205 074
E2 80 11 70 00 00 02 0A 7A 6A E1 CD,BR205 075
E2 80 11 70 00 00 02 0A 7A 6A 33 6D,BR205 076
E2 80 11 70 00 00 02 0A 7A 6A 4D CC,BR205 077
E2 80 11 70 00 00 02 0A 7A 6A E1 4E,BR205 078
E2 80 11 70 00 00 02 0A 7A 6A 11 7C,BR205 079
E2 80 11 70 00 00 02 0A 7A 6A 33 3C,BR205 080
E2 80 11 70 00 00 02 0A 7A 6A 33 1F,BR205 081
E2 80 11 70 00 00 02 0A 7A 69 ED CD,BR205 082
E2 80 11 70 00 00 02 0A 7A 6A 33 4C,BR205 083
E2 80 11 70 00 00 02 0A 7A 6B 03 BD,BR205 084
E2 80 11 70 00 00 02 0A 7A 6B 03 DE,BR205 085
E2 80 11 70 00 00 02 0A 7A 6A B5 5D,BR205 086
E2 80 11 70 00 00 02 0A 7A 6A E1 0D,BR205 087
E2 80 11 70 00 00 02 0A 7A 69 ED 8C,BR205 088
E2 80 11 70 00 00 02 0A 7A 6A 4D 4E,BR205 089
E2 80 11 70 00 00 02 0A 7A 6B 63 9D,BR205 090
E2 80 11 70 00 00 02 0A 7A 69 ED 0D,BR205 091
E2 80 11 70 00 00 02 0A 7A 6A 4D BF,BR205 092
E2 80 11 70 00 00 02 0A 7A 6A 79 CD,BR205 093
E2 80 11 70 00 00 02 0A 7A 6A E1 5E,BR205 094
E2 80 11 70 00 00 02 0A 7A 6A 79 4E,BR205 095
E2 80 11 70 00 00 02 0A 7A 6A 11 CD,BR205 096
E2 80 11 70 00 00 02 0A 7A 6A 11 BD,BR205 097
E2 80 11 70 00 00 02 0A 7A 69 ED 7F,BR205 098
E2 80 11 70 00 00 02 0A 7A 6A E1 C6,BR205 099
E2 80 11 70 00 00 02 0A 7A 6B 63 DE,BR205 100
41303839343030303033185E,BR201 001
41303839343030303033EC5B,BR201 002
4130383934303030303518EA,BR201 003
41303839343030303036E01B,BR201 004
41303839343030303037EC6D,BR201 005
41303839343030303039448D,BR201 006
4130383934303030313378ED,BR201 007
41303839343030303135AC7D,BR201 008
41303839343030303139ECEC,BR201 009
4130383934303030323078FD,BR201 010
41303839343030303231020D,BR201 011
41303839343030303235C23E,BR201 012
413038393430303032376AAD,BR201 013
413038393430303032377C9D,BR201 014
41303839343030303238021D,BR201 015
4130383934303030323918EC,BR201 016
41303839343030303330D47D,BR201 017
41303839343030303338E02C,BR201 018
413038393430303035353A4E,BR201 019
41303839343030303733C29A,BR201 020
G2802E6020006589A0FE09F9,BR201 021
4130383934303030373944F9,BR201 022
41303839343030303739C24E,BR201 023
41303839343030303830ACE8,BR201 024
41303839343030303830D4CE,BR201 025
41303839343030303832AC5B,BR201 026
41303839343030303832C2EE,BR201 027
413038393430303038333AAB,BR201 028
413038393430303038339A58,BR201 029
G2802E602000658CA0FE09F9,BR201 030
413038393430303039327C69,BR201 031
41303839343030303934ACF9,BR201 032
4130383934303030393644A8,BR201 033
G2802E602000658DA11A09F9,BR201 034
41303839343030303937C267,BR201 035
41303839343030303939AC39,BR201 036
413038393430303130319AF8,BR201 037
41303839343030313031C2F8,BR201 038
41303839343030313032AC6B,BR201 039
413038393430303130333A18,BR201 040
G2802E6020006599A0D809F9,BR201 041
41303839343030313037E0C8,BR201 042
G2802E6020006599A10D09F9,BR201 043
413038393430303131306ABD,BR201 044
41303839343030313131EC39,BR201 045
4130383934303031313248D8,BR201 046
413038393430303131347C9E,BR201 047
41303839343030313135145A,BR201 048
41303839343030313135D457,BR201 049
E28011700000020A7A6AB546,BR201 050
41303839343030303031E02B,BR201 051
41303839343030303032444A,BR201 052
413038393430303030339ADD,BR201 053
41303839343030303034AC6A,BR201 054
41303839343030303036145B,BR201 055
41303839343030303036146B,BR201 056
41303839343030303037184D,BR201 057
G2802E602000659DA0E309F9,BR201 058
41303839343030303130783D,BR201 059
4130383934303030313248FD,BR201 060
41303839343030303132D4BE,BR201 061
41303839343030303132E02D,BR201 062
413038393430303031333ABD,BR201 063
41303839343030303136C2DE,BR201 064
41303839343030303137A8ED,BR201 065
41303839343030303234C2CD,BR201 066
41303839343030303236484D,BR201 067
4130383934303030323802BD,BR201 068
41303839343030303239E03D,BR201 069
413038393430303033363A9A,BR201 070
41303839343030303531440E,BR201 071
41303839343030303636781B,BR201 072
4130383934303030373518DA,BR201 073
41303839343030303735447B,BR201 074
413038393430303037377CA8,BR201 075
4130383934303030373878B9,BR201 076
41303839343030303739D439,BR201 077
G2802E60200065ACA11A09F9,BR201 078
4130383934303030393218B9,BR201 079
41303839343030303935A8FD,BR201 080
41303839343030303937AC49,BR201 081
G2802E60200065AEA0FE09F9,BR201 082
413038393430303130313AF8,BR201 083
41303839343030313031A838,BR201 084
41303839343030313031C2DD,BR201 085
G2802E60200065B8A12609F9,BR201 086
413038393430303130343A28,BR201 087
41303839343030313036C238,BR201 088
41303839343030313038E0CA,BR201 089
413038393430303130399A48,BR201 090
G2802E60200065BBA0D809F9,BR201 091
413038393430303131316A89,BR201 092
41303839343030313132EC98,BR201 093
4130383934303031313378DB,BR201 094
41303839343030313133EC49,BR201 095
G2802E60200065BCA0E309F9,BR201 096
41303839343030313135ACF8,BR201 097
41303839343030313135E02A,BR201 098
E28011700000020A7A6AB536,BR201 099
E28011700000020A7A6B4906,BR201 100
